county,years,gang_killings,guns_involved,murders,passion_murder,solved,youth_murder,pop,unsolved_percentage,murder_per_100_thousand,percentage_gang_killings,percentage_passion,percentage_other,year_code,county_code,percentage_solved,gkillings_per_100thousand
Kern,1980,1,55,89,12,55,26,406100,38.20224719,21.91578429,1.123595506,13.48314607,85.39325843,1,1,61.79775280898876,0.24624476729869488
Kern,1981,0,47,76,29,62,18,419000,18.42105263,18.13842482,0.0,38.15789474,61.84210526,2,1,81.57894736842105,0.0
Kern,1982,0,41,67,19,50,24,433600,25.37313433,15.45202952,0.0,28.35820896,71.64179104,3,1,74.6268656716418,0.0
Kern,1983,1,21,46,12,37,16,446900,19.56521739,10.29313045,2.173913043,26.08695652,71.73913043,4,1,80.43478260869566,0.22376370552696354
Kern,1984,0,22,43,6,29,10,459200,32.55813953,9.364111498,0.0,13.95348837,86.04651163,5,1,67.44186046511628,0.0
Kern,1985,0,34,66,15,44,9,473800,33.33333333,13.92992824,0.0,22.72727273,77.27272727,6,1,66.66666666666666,0.0
Kern,1986,1,26,56,18,36,14,485900,35.71428571,11.52500515,1.785714286,32.14285714,66.07142857,7,1,64.28571428571429,0.20580366330520683
Kern,1987,0,32,66,17,43,15,497900,34.84848485,13.25567383,0.0,25.75757576,74.24242424,8,1,65.15151515151516,0.0
Kern,1988,1,39,72,23,53,19,511200,26.38888889,14.08450704,1.388888889,31.94444444,66.66666667,9,1,73.6111111111111,0.19561815336463223
Kern,1989,0,27,52,19,39,14,525100,25.0,9.902875643,0.0,36.53846154,63.46153846,10,1,75.0,0.0
Kern,1990,3,43,67,17,57,14,548000,14.92537313,12.22627737,4.47761194,25.37313433,70.14925373,11,1,85.07462686567165,0.5474452554744526
Kern,1991,3,39,63,13,50,27,571684,20.63492063,11.02007403,4.7619047619999995,20.63492063,74.60317459999997,12,1,79.36507936507937,0.5247654298528558
Kern,1992,6,40,54,11,40,11,590452,25.92592593,9.145535962,11.11111111,20.37037037,68.51851852,13,1,74.07407407407408,1.0161706624755271
Kern,1993,9,53,79,15,52,29,601624,34.17721519,13.13112509,11.39240506,18.98734177,69.62025316,14,1,65.82278481012658,1.4959509594032154
Kern,1994,10,57,97,23,76,29,612169,21.64948454,15.84529762,10.30927835,23.71134021,65.97938144,15,1,78.35051546391753,1.6335358373259672
Kern,1995,10,51,80,14,57,24,618968,28.75,12.92473924,12.5,17.5,70.0,16,1,71.25,1.6155924054232207
Kern,1996,7,35,56,8,39,19,625818,30.35714286,8.94828848,12.5,14.28571429,73.21428571,17,1,69.64285714285714,1.1185360600046659
Kern,1997,6,49,64,10,39,17,635822,39.0625,10.06571021,9.375,15.625,75.0,18,1,60.9375,0.9436603326088119
Kern,1998,6,36,60,8,34,25,640659,43.33333333,9.365356608999999,10.0,13.33333333,76.66666667,19,1,56.66666666666666,0.9365356609366293
Kern,1999,5,36,56,12,40,19,653400,28.57142857,8.570554025,8.928571429,21.42857143,69.64285714,20,1,71.42857142857143,0.7652280379553107
Kern,2000,9,27,40,7,22,12,665308,45.0,6.012252972000001,22.5,17.5,60.0,21,1,55.00000000000001,1.352756918600107
Kern,2001,7,29,50,9,34,12,679674,32.0,7.356467954,14.0,18.0,68.0,22,1,68.0,1.029905513525602
Kern,2002,5,31,55,11,44,14,696504,20.0,7.8965806370000005,9.090909091,20.0,70.90909091,23,1,80.0,0.7178709670009074
Kern,2003,4,24,48,14,39,13,717797,18.75,6.687127418999999,8.333333332999999,29.16666667,62.5,24,1,81.25,0.5572606182527929
Kern,2004,5,38,56,11,47,15,740022,16.07142857,7.567342592999999,8.928571429,19.64285714,71.42857143,25,1,83.92857142857143,0.6756555886176356
Kern,2005,5,51,74,12,49,25,761972,33.78378378,9.711642948,6.756756757000001,16.21621622,77.02702703,26,1,66.21621621621621,0.6561920910479649
Kern,2006,13,49,67,11,38,25,786220,43.28358209,8.521787795,19.40298507,16.41791045,64.17910448,27,1,56.71641791044776,1.6534812139095927
Kern,2007,15,45,58,4,26,24,805798,55.17241379,7.1978337,25.86206897,6.896551724,67.24137931,28,1,44.82758620689656,1.8615087155838062
Kern,2008,2,26,57,14,28,15,819891,50.87719298,6.952143639,3.50877193,24.56140351,71.92982456,29,1,49.122807017543856,0.24393486451247787
Kern,2009,20,62,87,15,57,39,831134,34.48275862,10.46762616,22.98850575,17.24137931,59.77011494,30,1,65.51724137931035,2.4063508411399366
Kern,2010,19,46,83,13,47,23,841744,43.37349398,9.860480146,22.89156627,15.6626506,61.44578313,31,1,56.62650602409639,2.2572183466707214
Kern,2011,10,31,54,7,35,12,849497,35.18518519,6.3567028489999995,18.51851852,12.96296296,68.51851852,32,1,64.81481481481481,1.1771671942337643
Kern,2012,14,50,70,7,38,16,857808,45.71428571,8.160334247,20.0,10.0,70.0,33,1,54.28571428571429,1.6320668494581538
Kern,2013,10,47,71,12,42,19,868181,40.84507042,8.178018178,14.08450704,16.90140845,69.01408451,34,1,59.15492957746479,1.151833546230567
Kern,2014,6,55,71,10,33,20,876403,53.52112676,8.101295865,8.450704225,14.08450704,77.46478873,35,1,46.478873239436616,0.6846165519743771
Kern,2015,5,51,73,7,39,18,883494,46.57534247,8.262648077,6.849315067999999,9.589041096,83.56164384,36,1,53.42465753424658,0.5659347997835865
Kern,2016,14,65,92,13,38,26,887922,58.69565217,10.36127047,15.2173913,14.13043478,70.65217391,37,1,41.30434782608695,1.5767150718193714
Alameda,1980,1,107,185,23,124,49,1109500,32.97297297,16.67417756,0.540540541,12.43243243,87.02702703,1,2,67.02702702702703,0.09013068949977468
Alameda,1981,1,101,167,53,135,36,1126000,19.16167665,14.8312611,0.598802395,31.73652695,67.66467066,2,2,80.83832335329342,0.08880994671403197
Alameda,1982,3,88,147,26,104,36,1141400,29.25170068,12.87892062,2.040816327,17.68707483,80.27210884,3,2,70.74829931972789,0.2628351147713334
Alameda,1983,2,78,144,44,111,46,1160500,22.91666667,12.40844464,1.388888889,30.55555556,68.05555556,4,2,77.08333333333334,0.17233950883239982
Alameda,1984,1,93,160,45,124,52,1177200,22.5,13.59157322,0.625,28.125,71.25,5,2,77.5,0.08494733265375466
Alameda,1985,1,99,159,40,105,41,1196000,33.96226415,13.29431438,0.628930818,25.157232699999998,74.21383648,6,2,66.0377358490566,0.08361204013377926
Alameda,1986,2,111,190,39,127,60,1215200,33.15789474,15.63528637,1.052631579,20.52631579,78.42105263,7,2,66.84210526315789,0.16458196181698484
Alameda,1987,0,104,173,39,106,63,1228800,38.728323700000004,14.07877604,0.0,22.543352600000002,77.45664740000002,8,2,61.27167630057805,0.0
Alameda,1988,4,109,166,41,113,48,1250600,31.92771084,13.27362866,2.4096385540000003,24.69879518,72.89156627,9,2,68.07228915662651,0.31984647369262753
Alameda,1989,6,123,191,36,131,62,1271000,31.41361257,15.02753737,3.141361257,18.84816754,78.01047120000001,10,2,68.58638743455498,0.47206923682140045
Alameda,1990,2,147,209,40,143,76,1276100,31.57894737,16.3780268,0.9569377990000001,19.13875598,79.90430622,11,2,68.42105263157895,0.1567275291905023
Alameda,1991,10,149,211,45,122,79,1293363,42.18009479,16.31405878,4.739336493,21.32701422,73.93364929,12,2,57.81990521327014,0.7731781410168683
Alameda,1992,12,160,229,40,113,82,1312023,50.65502183,17.45396232,5.240174672,17.46724891,77.29257642,13,2,49.34497816593886,0.9146181126397936
Alameda,1993,7,174,215,34,106,75,1324224,50.69767442,16.23592383,3.255813953,15.81395349,80.93023256,14,2,49.30232558139535,0.5286114735875501
Alameda,1994,13,159,199,25,111,73,1330821,44.22110553,14.95317552,6.532663317000001,12.56281407,80.90452261,15,2,55.77889447236181,0.976840611923016
Alameda,1995,14,150,215,35,127,72,1335230,40.93023256,16.10209477,6.511627907,16.27906977,77.20930233,16,2,59.069767441860456,1.048508496663496
Alameda,1996,4,106,152,20,96,43,1345787,36.84210526,11.29450649,2.631578947,13.15789474,84.21052632,17,2,63.157894736842096,0.2972238548893696
Alameda,1997,11,115,155,18,72,55,1376952,53.54838710000001,11.25674679,7.096774194,11.61290323,81.29032258,18,2,46.45161290322582,0.7988659009173885
Alameda,1998,1,81,119,22,77,34,1401090,35.29411765,8.493387291,0.8403361340000001,18.48739496,80.67226891,19,2,64.70588235294117,0.07137300244809398
Alameda,1999,1,70,97,15,46,34,1423529,52.57731959,6.814051557999999,1.030927835,15.46391753,83.50515464,20,2,47.42268041237113,0.07024795420395369
Alameda,2000,7,92,118,18,64,38,1453116,45.76271186,8.120480402,5.93220339,15.25423729,78.81355932,21,2,54.23728813559321,0.4817234136847987
Alameda,2001,18,88,109,13,46,39,1465564,57.79816514,7.437409762000001,16.51376147,11.926605499999999,71.55963303,22,2,42.20183486238533,1.2281961074371368
Alameda,2002,9,115,154,14,69,49,1468468,55.19480519,10.48711991,5.844155843999999,9.090909091,85.06493506,23,2,44.805194805194795,0.6128836311039805
Alameda,2003,14,110,146,19,70,43,1467187,52.05479452,9.951015106,9.589041096,13.01369863,77.39726027,24,2,47.94520547945205,0.9542069279512427
Alameda,2004,16,92,124,9,66,41,1465540,46.77419355,8.461045076,12.90322581,7.258064516,79.83870968,25,2,53.225806451612904,1.0917477516819738
Alameda,2005,14,105,132,6,71,49,1459882,46.21212121,9.041826667999999,10.60606061,4.545454545,84.84848485,26,2,53.78787878787878,0.9589816163224152
Alameda,2006,20,155,178,14,67,77,1464839,62.35955056,12.15150607,11.23595506,7.865168539,80.8988764,27,2,37.640449438202246,1.3653377606685786
Alameda,2007,10,121,163,13,49,66,1476401,69.93865031,11.04036099,6.134969325,7.9754601229999995,85.88957055,28,2,30.061349693251532,0.6773227598735032
Alameda,2008,6,126,146,10,34,52,1491781,76.71232877,9.786959346,4.109589041,6.849315067999999,89.04109589,29,2,23.28767123287671,0.4022038087360008
Alameda,2009,7,116,141,15,45,54,1503827,68.08510638,9.376078498,4.964539007,10.63829787,84.39716312,30,2,31.914893617021278,0.46547907438821085
Alameda,2010,6,109,137,12,54,55,1513493,60.58394161,9.0519084,4.379562044,8.759124088,86.86131387,31,2,39.416058394160586,0.39643394452435526
Alameda,2011,6,123,139,9,36,51,1532186,74.10071942,9.072005618,4.316546763,6.474820144,89.20863309,32,2,25.89928057553957,0.3915973648107997
Alameda,2012,6,135,157,14,59,62,1554698,62.42038217,10.09842426,3.821656051,8.917197452,87.2611465,33,2,37.57961783439491,0.38592704177917514
Alameda,2013,11,104,116,12,57,57,1576023,50.86206897,7.360298676,9.482758621,10.34482759,80.17241379,34,2,49.13793103448275,0.6979593571921222
Alameda,2014,4,83,108,12,61,45,1600366,43.51851852,6.748456291,3.7037037039999996,11.11111111,85.18518519,35,2,56.48148148148147,0.2499428255786489
Alameda,2015,4,111,130,13,76,45,1621005,41.53846154,8.019716164,3.076923077,10.0,86.92307692,36,2,58.46153846153847,0.2467604973457824
Alameda,2016,8,108,122,7,64,46,1637176,47.54098361,7.451856123,6.557377048999999,5.7377049179999995,87.70491803,37,2,52.459016393442624,0.4886463031463935
Tulare,1980,0,27,34,4,24,13,247400,29.41176471,13.74292643,0.0,11.76470588,88.23529412,1,3,70.58823529411767,0.0
Tulare,1981,0,19,33,8,30,10,254000,9.090909091,12.99212598,0.0,24.24242424,75.75757576,2,3,90.9090909090909,0.0
Tulare,1982,2,19,35,10,28,11,260200,20.0,13.45119139,5.714285714,28.57142857,65.71428571,3,3,80.0,0.7686395080707149
Tulare,1983,0,18,30,11,27,11,267600,10.0,11.21076233,0.0,36.66666667,63.33333333,4,3,90.0,0.0
Tulare,1984,2,17,38,6,29,7,273800,23.68421053,13.87874361,5.263157895,15.78947368,78.94736842,5,3,76.31578947368422,0.7304601899196493
Tulare,1985,1,18,27,12,19,7,280600,29.62962963,9.622238061000001,3.7037037039999996,44.44444444,51.85185185,6,3,70.37037037037038,0.3563791874554526
Tulare,1986,0,14,25,9,24,7,286600,4.0,8.722958828,0.0,36.0,64.0,7,3,96.0,0.0
Tulare,1987,0,26,36,12,29,12,292700,19.44444444,12.29928254,0.0,33.33333333,66.66666667,8,3,80.55555555555556,0.0
Tulare,1988,0,10,32,8,22,7,299200,31.25,10.69518717,0.0,25.0,75.0,9,3,68.75,0.0
Tulare,1989,0,16,27,7,24,9,304000,11.11111111,8.881578947000001,0.0,25.92592593,74.07407407,10,3,88.88888888888891,0.0
Tulare,1990,0,19,28,8,19,9,313100,32.14285714,8.942829767000001,0.0,28.57142857,71.42857143,11,3,67.85714285714286,0.0
Tulare,1991,1,23,38,8,30,15,323847,21.05263158,11.73393609,2.631578947,21.05263158,76.31578947,12,3,78.94736842105263,0.30878779176586474
Tulare,1992,1,22,38,9,28,14,332167,26.31578947,11.44002866,2.631578947,23.68421053,73.68421053,13,3,73.68421052631578,0.3010533857969034
Tulare,1993,2,17,28,7,21,8,338719,25.0,8.266439143,7.142857143,25.0,67.85714286,14,3,75.0,0.5904599387693044
Tulare,1994,4,30,47,9,34,15,344244,27.65957447,13.65310652,8.510638298,19.14893617,72.34042553,15,3,72.3404255319149,1.1619665121251206
Tulare,1995,7,27,41,9,25,14,350848,39.02439024,11.68597227,17.07317073,21.95121951,60.97560976,16,3,60.97560975609756,1.9951659978110179
Tulare,1996,3,20,24,2,17,9,352969,29.16666667,6.799463976,12.5,8.333333332999999,79.16666667,17,3,70.83333333333334,0.8499329969487406
Tulare,1997,1,21,33,9,24,9,357261,27.27272727,9.236944419,3.03030303,27.27272727,69.69696970000001,18,3,72.72727272727273,0.27990740662988683
Tulare,1998,2,13,23,2,13,13,360065,43.47826087,6.387735547999999,8.695652174,8.695652174,82.60869565,19,3,56.52173913043478,0.5554552650215934
Tulare,1999,2,12,25,7,15,11,364256,40.0,6.863304928,8.0,28.0,64.0,20,3,60.0,0.5490643942721602
Tulare,2000,1,13,18,3,16,5,369633,11.11111111,4.869695076,5.555555556,16.66666667,77.77777778,21,3,88.88888888888891,0.27053861532925905
Tulare,2001,3,17,27,8,22,9,374152,18.51851852,7.216318502000001,11.11111111,29.62962963,59.25925926,22,3,81.48148148148148,0.8018131668412838
Tulare,2002,5,21,33,7,25,19,381194,24.24242424,8.657009292,15.15151515,21.21212121,63.63636364,23,3,75.75757575757575,1.3116680745237335
Tulare,2003,9,26,33,10,27,12,390370,18.18181818,8.453518457000001,27.27272727,30.303030300000003,42.42424242,24,3,81.81818181818183,2.30550503368599
Tulare,2004,7,24,30,4,25,12,399913,16.66666667,7.501631605,23.33333333,13.33333333,63.33333333,25,3,83.33333333333334,1.7503807078039473
Tulare,2005,5,50,58,11,35,25,408403,39.65517241,14.20165866,8.620689655,18.96551724,72.41379309999998,26,3,60.3448275862069,1.2242809186024588
Tulare,2006,16,35,50,3,33,21,416092,34.0,12.01657326,32.0,6.0,62.0,27,3,66.0,3.845303442507907
Tulare,2007,6,27,39,9,30,20,423608,23.07692308,9.206624993,15.38461538,23.07692308,61.53846154,28,3,76.92307692307693,1.4164038450643046
Tulare,2008,13,37,43,5,24,20,431471,44.18604651,9.965907326,30.23255814,11.62790698,58.13953488,29,3,55.8139534883721,3.0129487265656323
Tulare,2009,5,24,32,3,21,16,438408,34.375,7.2991368770000005,15.625,9.375,75.0,30,3,65.625,1.1404901370412948
Tulare,2010,9,33,40,10,26,20,443638,35.0,9.016360186,22.5,25.0,52.5,31,3,65.0,2.028681041750256
Tulare,2011,9,28,39,3,21,15,447350,46.15384615,8.718006036,23.07692308,7.692307692000001,69.23076923,32,3,53.84615384615386,2.011847546663686
Tulare,2012,7,25,36,10,20,12,452000,44.44444444,7.96460177,19.44444444,27.77777778,52.77777778,33,3,55.55555555555557,1.5486725663716814
Tulare,2013,13,32,43,6,28,11,455891,34.88372093,9.432079159,30.23255814,13.95348837,55.81395349,34,3,65.11627906976744,2.8515588155940783
Tulare,2014,3,27,38,8,23,8,459910,39.47368421,8.262486139,7.894736842,21.05263158,71.05263158,35,3,60.526315789473685,0.6523015372572895
Tulare,2015,13,33,48,5,26,18,464337,45.83333333,10.33731966,27.08333333,10.41666667,62.5,36,3,54.16666666666666,2.7996907418534382
Tulare,2016,5,29,34,7,21,10,467960,38.23529412,7.265578255,14.70588235,20.58823529,64.70588235,37,3,61.764705882352935,1.0684673903752457
Fresno,1980,1,69,111,7,78,39,517400,29.72972973,21.45342095,0.900900901,6.3063063060000015,92.79279279,1,4,70.27027027027027,0.1932740626207963
Fresno,1981,0,40,68,10,51,19,529000,25.0,12.85444234,0.0,14.70588235,85.29411765,2,4,75.0,0.0
Fresno,1982,2,48,76,15,53,28,541600,30.26315789,14.03249631,2.631578947,19.73684211,77.63157895,3,4,69.73684210526315,0.36927621861152143
Fresno,1983,0,35,70,17,51,18,555900,27.14285714,12.59219284,0.0,24.28571429,75.71428571,4,4,72.85714285714283,0.0
Fresno,1984,0,51,76,29,54,17,571300,28.94736842,13.30299317,0.0,38.15789474,61.84210526,5,4,71.05263157894737,0.0
Fresno,1985,2,58,89,25,62,28,582800,30.33707865,15.27110501,2.247191011,28.08988764,69.66292135,6,4,69.66292134831461,0.34317089910775567
Fresno,1986,0,42,96,30,72,29,593300,25.0,16.18068431,0.0,31.25,68.75,7,4,75.0,0.0
Fresno,1987,0,32,70,26,48,23,609100,31.42857143,11.49236579,0.0,37.14285714,62.85714286,8,4,68.57142857142857,0.0
Fresno,1988,0,39,70,16,53,17,627500,24.28571429,11.15537849,0.0,22.85714286,77.14285714,9,4,75.71428571428571,0.0
Fresno,1989,4,43,71,22,54,16,649000,23.94366197,10.93990755,5.633802817,30.98591549,63.38028169,10,4,76.05633802816901,0.6163328197226502
Fresno,1990,4,58,100,25,80,30,670200,20.0,14.92091913,4.0,25.0,71.0,11,4,80.0,0.5968367651447329
Fresno,1991,8,54,92,23,70,33,695373,23.91304348,13.23030949,8.695652174,25.0,66.30434783,12,4,76.08695652173914,1.1504616946588377
Fresno,1992,8,92,138,25,96,60,716140,30.43478261,19.26997514,5.7971014489999995,18.11594203,76.08695652,13,4,69.56521739130434,1.11710000837825
Fresno,1993,14,106,138,22,86,45,730722,37.68115942,18.88543112,10.14492754,15.94202899,73.91304348,14,4,62.31884057971014,1.915913302186057
Fresno,1994,14,103,131,19,68,46,740909,48.09160305,17.68098376,10.6870229,14.50381679,74.80916031,15,4,51.90839694656489,1.889570783996415
Fresno,1995,23,96,116,18,61,51,755971,47.41379310000001,15.34450396,19.82758621,15.51724138,64.65517241,16,4,52.58620689655172,3.0424447498647433
Fresno,1996,9,70,99,15,49,32,766333,50.50505051,12.91866591,9.090909091,15.15151515,75.75757576,17,4,49.4949494949495,1.1744241733032506
Fresno,1997,10,66,92,13,41,30,774838,55.43478261,11.87344968,10.86956522,14.13043478,75.0,18,4,44.56521739130434,1.2905923560795933
Fresno,1998,3,40,60,9,29,19,780261,51.66666667,7.689734588999999,5.0,15.0,80.0,19,4,48.33333333333334,0.38448672944053336
Fresno,1999,4,27,47,15,32,10,789748,31.91489362,5.951265467000001,8.510638298,31.91489362,59.57446809,20,4,68.08510638297872,0.5064906780390707
Fresno,2000,2,19,40,5,28,11,804393,30.0,4.972693696,5.0,12.5,82.5,21,4,70.0,0.2486346847871625
Fresno,2001,13,41,61,7,39,18,815003,36.06557377,7.484635026,21.31147541,11.47540984,67.21311475,22,4,63.93442622950821,1.5950861530571054
Fresno,2002,10,52,70,12,47,28,828637,32.85714286,8.447607336,14.28571429,17.14285714,68.57142857,23,4,67.14285714285714,1.20680104798603
Fresno,2003,13,45,68,13,46,22,845917,32.35294118,8.038613717,19.11764706,19.11764706,61.76470588,24,4,67.64705882352942,1.5367937989188065
Fresno,2004,9,57,77,19,49,23,860226,36.36363636,8.951136097000001,11.68831169,24.67532468,63.63636364,25,4,63.63636363636363,1.0462366866381625
Fresno,2005,13,58,84,8,43,34,871910,48.80952381,9.63402186,15.47619048,9.523809523999999,75.0,26,4,51.19047619047619,1.490979573579842
Fresno,2006,16,54,78,10,43,32,886376,44.87179487,8.799877253,20.51282051,12.82051282,66.66666667,27,4,55.12820512820514,1.8051030262552235
Fresno,2007,21,63,78,10,43,26,899826,44.87179487,8.668342546,26.92307692,12.82051282,60.25641026,28,4,55.12820512820514,2.333784531676124
Fresno,2008,14,43,65,15,36,21,913239,44.61538462,7.117523452,21.53846154,23.07692308,55.38461538,29,4,55.384615384615394,1.5330050512516438
Fresno,2009,26,57,78,12,47,25,923895,39.74358974,8.442517818999999,33.33333333,15.38461538,51.28205128,30,4,60.256410256410255,2.8141726061944268
Fresno,2010,25,48,67,13,36,27,933075,46.26865672,7.180558905,37.31343284,19.40298507,43.28358209,31,4,53.731343283582106,2.6793130241406105
Fresno,2011,19,34,55,11,37,19,941904,32.72727273,5.83923627,34.54545455,20.0,45.45454545,32,4,67.27272727272727,2.017190711579949
Fresno,2012,23,62,83,17,63,21,950364,24.09638554,8.733495797,27.71084337,20.48192771,51.80722892,33,4,75.90361445783131,2.420125341448119
Fresno,2013,18,44,62,13,40,19,959142,35.48387097,6.464110632000001,29.03225806,20.96774194,50.0,34,4,64.51612903225806,1.8766772803192855
Fresno,2014,17,55,68,8,52,20,969193,23.52941176,7.0161464229999995,25.0,11.76470588,63.23529412,35,4,76.47058823529412,1.754036605712175
Fresno,2015,11,55,64,11,29,15,979636,54.6875,6.533038802,17.1875,17.1875,65.625,36,4,45.3125,1.122866044122511
Fresno,2016,11,46,70,9,32,19,988072,54.28571429,7.0845039629999995,15.71428571,12.85714286,71.42857143,37,4,45.714285714285715,1.1132791942287605
San Joaquin,1980,3,29,64,8,43,20,350200,32.8125,18.27527127,4.6875,12.5,82.8125,1,5,67.1875,0.8566533409480298
San Joaquin,1981,3,25,61,18,54,23,362000,11.47540984,16.85082873,4.918032787,29.50819672,65.57377049,2,5,88.52459016393442,0.8287292817679558
San Joaquin,1982,1,38,76,11,58,23,374100,23.68421053,20.31542368,1.315789474,14.47368421,84.21052632,3,5,76.31578947368422,0.2673082063619353
San Joaquin,1983,0,24,42,14,31,15,386700,26.19047619,10.86113266,0.0,33.33333333,66.66666667,4,5,73.80952380952381,0.0
San Joaquin,1984,0,24,53,15,37,12,399800,30.18867925,13.25662831,0.0,28.30188679,71.69811321,5,5,69.81132075471697,0.0
San Joaquin,1985,0,28,55,19,41,18,417200,25.45454545,13.183125599999999,0.0,34.54545455,65.45454545,6,5,74.54545454545455,0.0
San Joaquin,1986,2,31,65,18,48,15,433700,26.15384615,14.98731842,3.076923077,27.69230769,69.23076923,7,5,73.84615384615384,0.46114825916532165
San Joaquin,1987,0,27,54,16,38,17,448800,29.62962963,12.03208556,0.0,29.62962963,70.37037037,8,5,70.37037037037038,0.0
San Joaquin,1988,4,40,68,21,59,18,461400,13.23529412,14.73775466,5.8823529410000015,30.88235294,63.23529412,9,5,86.76470588235294,0.8669267446900737
San Joaquin,1989,7,44,65,17,52,18,471500,20.0,13.78579003,10.76923077,26.15384615,63.07692308,10,5,80.0,1.4846235418875928
San Joaquin,1990,8,52,87,29,76,26,481900,12.64367816,18.05353808,9.195402299,33.33333333,57.47126437,11,5,87.35632183908045,1.6600954554886906
San Joaquin,1991,10,48,70,14,45,24,493965,35.71428571,14.17104451,14.28571429,20.0,65.71428571,12,5,64.28571428571429,2.0244349296002753
San Joaquin,1992,8,48,75,17,51,29,503273,32.0,14.90244857,10.66666667,22.66666667,66.66666667,13,5,68.0,1.5895945143093313
San Joaquin,1993,14,56,73,11,49,32,508328,32.87671233,14.36080641,19.17808219,15.06849315,65.75342466,14,5,67.12328767123286,2.7541272564171164
San Joaquin,1994,13,56,70,15,39,26,513779,44.28571429,13.62453506,18.57142857,21.42857143,60.0,15,5,55.714285714285715,2.5302707973661827
San Joaquin,1995,12,50,66,13,46,27,522089,30.303030300000003,12.64152281,18.18181818,19.696969699999997,62.12121212,16,5,69.6969696969697,2.2984586919088508
San Joaquin,1996,11,48,67,18,52,22,528655,22.3880597,12.67367187,16.41791045,26.86567164,56.71641791,17,5,77.61194029850745,2.0807520973035345
San Joaquin,1997,19,64,77,12,46,34,536476,40.25974026,14.35292539,24.67532468,15.58441558,59.74025974,18,5,59.74025974025975,3.5416309396878893
San Joaquin,1998,3,28,45,7,35,13,543745,22.22222222,8.27593817,6.666666667,15.55555556,77.77777778,19,5,77.7777777777778,0.5517292113030925
San Joaquin,1999,7,24,42,10,27,17,554706,35.71428571,7.571578457999999,16.66666667,23.80952381,59.52380952,20,5,64.28571428571429,1.261929742962939
San Joaquin,2000,3,28,43,11,38,12,568991,11.62790698,7.557237285,6.976744186,25.58139535,67.44186047,21,5,88.3720930232558,0.5272491129033676
San Joaquin,2001,9,30,52,7,35,11,588581,32.69230769,8.834807782999999,17.30769231,13.46153846,69.23076923,22,5,67.30769230769229,1.529101347138287
San Joaquin,2002,12,42,63,15,39,24,603544,38.095238099999996,10.43834418,19.04761905,23.80952381,57.14285714,23,5,61.904761904761905,1.9882560343570643
San Joaquin,2003,8,37,65,11,51,23,621108,21.53846154,10.4651687,12.30769231,16.92307692,70.76923077,24,5,78.46153846153847,1.2880207628946978
San Joaquin,2004,9,31,57,8,39,19,638522,31.57894737,8.92686548,15.78947368,14.03508772,70.17543859999999,25,5,68.42105263157895,1.4095050757843897
San Joaquin,2005,9,43,61,8,38,23,651625,37.70491803,9.361212354,14.75409836,13.114754099999999,72.13114754,26,5,62.295081967213115,1.3811624784193361
San Joaquin,2006,8,36,61,9,40,28,660885,34.42622951,9.230047588,13.114754099999999,14.75409836,72.13114754,27,5,65.57377049180327,1.2104980442890971
San Joaquin,2007,9,39,51,6,30,21,669737,41.17647059,7.614929442,17.64705882,11.76470588,70.58823529,28,5,58.82352941176471,1.343811078079903
San Joaquin,2008,5,27,35,6,22,14,675248,37.14285714,5.183280808999999,14.28571429,17.14285714,68.57142857,29,5,62.85714285714285,0.7404686870601616
San Joaquin,2009,4,42,61,8,35,22,680421,42.62295082,8.965037822000001,6.557377048999999,13.114754099999999,80.32786885,30,5,57.377049180327866,0.5878713326014335
San Joaquin,2010,14,49,66,7,38,30,686761,42.42424242,9.610330231,21.21212121,10.60606061,68.18181818,31,5,57.57575757575758,2.038554897555336
San Joaquin,2011,8,73,91,13,45,35,694410,50.54945055,13.10464999,8.791208791,14.28571429,76.92307692,32,5,49.45054945054945,1.152057142034245
San Joaquin,2012,9,77,92,13,48,36,700638,47.82608696,13.13088928,9.782608696,14.13043478,76.08695652,33,5,52.17391304347826,1.2845435160525123
San Joaquin,2013,2,47,52,8,25,17,706148,51.92307692,7.363895387,3.8461538460000004,15.38461538,80.76923077,34,5,48.07692307692307,0.2832267456680469
San Joaquin,2014,1,58,71,10,32,28,717490,54.92957746,9.895608301000001,1.408450704,14.08450704,84.50704225,35,5,45.07042253521128,0.1393747648050844
San Joaquin,2015,2,61,72,4,30,24,728110,58.33333333,9.888615731,2.777777778,5.555555556,91.66666667,36,5,41.66666666666667,0.27468377030943125
San Joaquin,2016,1,57,67,4,17,18,738343,74.62686567,9.074373292999999,1.4925373130000001,5.970149254,92.53731343,37,5,25.373134328358212,0.13543840735268026
Monterey,1980,0,17,27,4,20,7,292100,25.92592593,9.243409791,0.0,14.81481481,85.18518519,1,6,74.07407407407408,0.0
Monterey,1981,0,10,26,7,18,6,299900,30.76923077,8.669556519,0.0,26.92307692,73.07692308,2,6,69.23076923076923,0.0
Monterey,1982,2,15,31,11,25,10,306600,19.35483871,10.11089367,6.451612902999999,35.48387097,58.06451613,3,6,80.64516129032258,0.6523157208088715
Monterey,1983,0,7,14,5,12,4,314400,14.28571429,4.452926209,0.0,35.71428571,64.28571429,4,6,85.71428571428571,0.0
Monterey,1984,0,12,23,7,16,7,321700,30.43478261,7.149518185,0.0,30.43478261,69.56521739,5,6,69.56521739130434,0.0
Monterey,1985,0,16,27,8,19,5,327400,29.62962963,8.246792914,0.0,29.62962963,70.37037037,6,6,70.37037037037038,0.0
Monterey,1986,2,16,26,8,20,9,333700,23.07692308,7.791429428,7.692307692000001,30.76923077,61.53846154,7,6,76.92307692307693,0.5993407252022774
Monterey,1987,2,13,17,4,15,3,338400,11.76470588,5.023640662,11.76470588,23.52941176,64.70588235,8,6,88.23529411764706,0.591016548463357
Monterey,1988,0,8,12,2,11,5,343000,8.333333332999999,3.4985422739999996,0.0,16.66666667,83.33333333,9,6,91.66666666666666,0.0
Monterey,1989,1,14,26,11,22,5,346600,15.38461538,7.501442585,3.8461538460000004,42.30769231,53.84615385,10,6,84.61538461538461,0.28851702250432776
Monterey,1990,4,14,29,8,20,14,356800,31.03448276,8.127802691,13.79310345,27.586206899999997,58.62068966,11,6,68.96551724137932,1.1210762331838564
Monterey,1991,3,11,26,4,17,8,365677,34.61538462,7.1100998970000004,11.53846154,15.38461538,73.07692308,12,6,65.38461538461539,0.8203961419504099
Monterey,1992,6,24,36,7,27,15,372322,25.0,9.669049908,16.66666667,19.44444444,63.88888889,13,6,75.0,1.6115083180687684
Monterey,1993,9,22,38,11,24,13,372720,36.84210526,10.19532088,23.68421053,28.94736842,47.36842105,14,6,63.157894736842096,2.4146812620734064
Monterey,1994,11,32,40,6,29,14,359936,27.5,11.11308677,27.5,15.0,57.5,15,6,72.5,3.0560988620199145
Monterey,1995,8,18,29,7,22,14,360350,24.13793103,8.047731372000001,27.586206899999997,24.13793103,48.27586207,16,6,75.86206896551724,2.2200638268350215
Monterey,1996,3,18,26,5,18,9,360749,30.76923077,7.207227186,11.53846154,19.23076923,69.23076923,17,6,69.23076923076923,0.831603136807032
Monterey,1997,10,18,34,9,14,15,379344,58.82352941,8.962841115,29.41176471,26.47058824,44.11764706,18,6,41.17647058823529,2.636129739761272
Monterey,1998,11,23,29,4,24,10,386441,17.24137931,7.504379711,37.93103448,13.79310345,48.27586207,19,6,82.75862068965517,2.8464888559961286
Monterey,1999,8,23,30,7,18,15,394653,40.0,7.601614583,26.66666667,23.33333333,50.0,20,6,60.0,2.027097222116644
Monterey,2000,7,23,28,5,20,14,403902,28.57142857,6.932374685,25.0,17.85714286,57.14285714,21,6,71.42857142857143,1.7330936712370821
Monterey,2001,12,20,27,2,8,14,406264,70.37037037,6.645924817,44.44444444,7.407407407000001,48.14814815,22,6,29.629629629629626,2.9537443632711735
Monterey,2002,17,24,28,2,12,18,408599,57.14285714,6.852684417000001,60.71428571,7.142857143,32.14285714,23,6,42.857142857142854,4.160558395884474
Monterey,2003,12,19,27,6,14,13,411941,48.14814815,6.554336665,44.44444444,22.22222222,33.33333333,24,6,51.85185185185186,2.9130385176518
Monterey,2004,17,29,37,2,15,21,411121,59.45945946,8.999783519,45.94594595,5.405405405,48.64864865,25,6,40.54054054054054,4.135035670763595
Monterey,2005,5,9,15,1,5,5,407974,66.66666667,3.676704888,33.33333333,6.666666667,60.0,26,6,33.33333333333333,1.2255682960188639
Monterey,2006,7,12,17,3,11,8,405877,35.29411765,4.1884610360000005,41.17647059,17.64705882,41.17647059,27,6,64.70588235294117,1.7246604266809895
Monterey,2007,11,22,30,7,14,12,407896,53.33333333,7.354815932999999,36.66666667,23.33333333,40.0,28,6,46.66666666666666,2.6967658422735203
Monterey,2008,25,29,36,5,18,18,410877,50.0,8.761746216,69.44444444,13.88888889,16.66666667,29,6,50.0,6.084545983347814
Monterey,2009,34,43,53,1,20,28,413590,62.26415094,12.81462318,64.1509434,1.8867924530000002,33.96226415,30,6,37.735849056603776,8.220701661065306
Monterey,2010,18,34,44,5,11,23,415825,75.0,10.58137438,40.90909091,11.36363636,47.72727273,31,6,25.0,4.328744063007274
Monterey,2011,14,23,35,3,9,16,419490,74.28571429,8.343464682999999,40.0,8.571428571,51.42857143,32,6,25.71428571428571,3.3373858733223676
Monterey,2012,23,39,47,3,16,22,424036,65.95744681,11.08396457,48.93617021,6.382978723,44.68085106,33,6,34.04255319148936,5.424067767831033
Monterey,2013,15,38,47,2,19,21,426613,59.57446809,11.01701073,31.91489362,4.255319149,63.82978723,34,6,40.42553191489361,3.5160672553344603
Monterey,2014,8,36,40,3,17,12,429810,57.5,9.306437727999999,20.0,7.5,72.5,35,6,42.5,1.8612875456597102
Monterey,2015,16,52,63,8,25,20,435342,60.31746032,14.47138112,25.396825399999997,12.698412699999999,61.9047619,36,6,39.68253968253968,3.675271395822135
Monterey,2016,16,47,57,3,14,25,439945,75.43859649,12.95616498,28.07017544,5.263157895,66.66666667,37,6,24.561403508771928,3.6368182386434666
Los Angeles,1980,102,1191,1813,205,1095,658,7500300,39.60286817,24.17236644,5.626034197,11.30722559,83.06674021,1,7,60.397131825703255,1.359945602175913
Los Angeles,1981,114,879,1363,288,1057,463,7607100,22.45047689,17.91747184,8.363903155,21.129860600000004,70.50623624,2,7,77.54952311078503,1.4985999921126316
Los Angeles,1982,109,945,1508,292,1042,442,7766300,30.90185676,19.41722571,7.228116711,19.36339523,73.40848806,3,7,69.09814323607428,1.4034997360390404
Los Angeles,1983,131,869,1447,299,973,462,7921900,32.75742916,18.26582007,9.053213545,20.663441600000002,70.28334485,4,7,67.24257083621285,1.6536436965879395
Los Angeles,1984,135,865,1391,266,884,418,8044400,36.44859813,17.291532,9.705248023,19.12293314,71.17181884,5,7,63.551401869158866,1.678186067326339
Los Angeles,1985,182,854,1421,361,975,457,8190900,31.38634764,17.34852092,12.80788177,25.40464462,61.78747361,6,7,68.61365235749473,2.221978048810265
Los Angeles,1986,240,963,1513,421,951,532,8373100,37.14474554,18.06977105,15.86252479,27.82551223,56.31196299,7,7,62.85525446133511,2.866321911836715
Los Angeles,1987,286,1017,1518,453,927,542,8527400,38.93280632,17.80144006,18.84057971,29.84189723,51.31752306,8,7,61.06719367588933,3.3538945047728497
Los Angeles,1988,262,992,1424,374,1004,500,8639400,29.49438202,16.48262611,18.3988764,26.26404494,55.33707865,9,7,70.50561797752809,3.032618005880038
Los Angeles,1989,435,1211,1695,440,1272,647,8768700,24.95575221,19.33011735,25.66371681,25.95870206,48.37758112,10,7,75.04424778761063,4.9608265763454105
Los Angeles,1990,527,1428,1900,373,1319,788,8860300,30.57894737,21.44396917,27.73684211,19.63157895,52.63157895,11,7,69.42105263157895,5.947879868627473
Los Angeles,1991,562,1552,1984,363,1218,857,8955322,38.60887097,22.15442393,28.326612899999997,18.29637097,53.37701613,12,7,61.391129032258064,6.275597907032265
Los Angeles,1992,563,1647,2046,406,1193,860,960246,41.69110459,213.07040069999996,27.51710655,19.84359726,52.63929619,13,7,58.3088954056696,58.630809188478786
Los Angeles,1993,546,1598,2047,379,1254,802,983691,38.73961895,208.09380180000002,26.67318026,18.51489985,54.81191988,14,7,61.26038104543235,55.50523487558593
Los Angeles,1994,603,1445,1780,293,1147,737,9106489,35.56179775,19.5465014,33.87640449,16.46067416,49.66292135,15,7,64.43820224719101,6.621651879225902
Los Angeles,1995,587,1393,1751,259,993,748,9101122,43.28954883,19.23938609,33.52370074,14.79154769,51.68475157,16,7,56.71045117075958,6.449754217117406
Los Angeles,1996,440,1160,1475,204,850,609,9108050,42.37288136,16.19446534,29.83050847,13.83050847,56.33898305,17,7,57.62711864406779,4.830891354351371
Los Angeles,1997,370,972,1235,161,639,498,9185584,48.25910931,13.44498074,29.95951417,13.03643725,57.00404858,18,7,51.740890688259114,4.028050911079796
Los Angeles,1998,264,777,1009,163,604,434,9265811,40.13875124,10.88949472,26.16451933,16.15460852,57.68087215,19,7,59.861248761149646,2.8491839516260367
Los Angeles,1999,278,707,934,137,510,396,9394293,45.39614561,9.942206401,29.76445396,14.66809422,55.56745182,20,7,54.60385438972161,2.959243447058762
Los Angeles,2000,373,835,1049,125,572,438,9575840,45.47187798,10.95465254,35.55767398,11.91611058,52.52621544,21,7,54.52812202097235,3.895219636084145
Los Angeles,2001,483,914,1117,128,604,492,9635795,45.92658908,11.59219348,43.24082363,11.45926589,45.29991047,22,7,54.0734109221128,5.012559939268114
Los Angeles,2002,529,976,1207,135,698,489,9722444,42.17067109,12.41457395,43.82767191,11.18475559,44.98757249,23,7,57.82932891466446,5.44101873973252
Los Angeles,2003,443,907,1104,113,524,441,9791022,52.53623188,11.27563599,40.12681159,10.23550725,49.63768116,24,7,47.46376811594203,4.5245532080307855
Los Angeles,2004,430,874,1081,95,551,459,9822508,49.02867715,11.00533591,39.77798335,8.788159112,51.43385754,25,7,50.971322849213706,4.377700684998169
Los Angeles,2005,386,883,1099,103,562,447,9809557,48.86260237,11.20336015,35.12283894,9.372156506,55.50500455,26,7,51.13739763421293,3.934938142466576
Los Angeles,2006,408,855,1054,81,538,470,9787327,48.95635674,10.76902815,38.70967742,7.6850094879999995,53.60531309,27,7,51.043643263757104,4.1686560590036486
Los Angeles,2007,267,706,904,85,438,397,9773894,51.54867257,9.249128341,29.53539823,9.402654867,61.0619469,28,7,48.45132743362832,2.731766888407016
Los Angeles,2008,281,603,806,88,369,320,9796812,54.21836228,8.227166143,34.86352357,10.91811414,54.21836228,29,7,45.78163771712159,2.868280007822953
Los Angeles,2009,336,567,748,86,394,303,9805233,47.32620321,7.628579555,44.9197861,11.497326199999998,43.5828877,30,7,52.67379679144386,3.4267416184806625
Los Angeles,2010,272,520,659,86,325,248,9827070,50.68285281,6.705966275,41.27465857,13.05007587,45.67526555,31,7,49.31714719271625,2.7678646839800676
Los Angeles,2011,219,465,628,71,325,205,9901530,48.24840764,6.3424541460000015,34.87261146,11.30573248,53.82165605,32,7,51.7515923566879,2.211779391669772
Los Angeles,2012,215,458,637,65,341,207,9990250,46.4678179,6.376216811,33.75196232,10.20408163,56.04395604,33,7,53.53218210361066,2.1520982958384423
Los Angeles,2013,218,471,592,51,267,210,10056283,54.89864865,5.886866947000001,36.82432432,8.614864865,54.56081081,34,7,45.10135135135135,2.1677989770176516
Los Angeles,2014,212,417,572,70,286,157,10124610,50.0,5.64960033,37.06293706,12.23776224,50.6993007,35,7,50.0,2.0939078147207644
Los Angeles,2015,208,450,642,87,317,169,10179482,50.62305296,6.306804217000001,32.39875389,13.55140187,54.04984424,36,7,49.376947040498436,2.043325976704905
Los Angeles,2016,252,513,674,69,339,197,10215103,49.70326409,6.59807346,37.38872404,10.23738872,52.37388724,37,7,50.29673590504451,2.4669354777920494
Merced,1980,1,4,10,2,8,5,135500,20.0,7.380073801,10.0,20.0,70.0,1,8,80.0,0.7380073800738007
Merced,1981,0,2,10,3,8,3,139800,20.0,7.153075822999999,0.0,30.0,70.0,2,8,80.0,0.0
Merced,1982,0,3,5,0,4,2,143000,20.0,3.496503497,0.0,0.0,100.0,3,8,80.0,0.0
Merced,1983,1,6,9,4,8,4,148000,11.11111111,6.0810810810000016,11.11111111,44.44444444,44.44444444,4,8,88.88888888888891,0.6756756756756757
Merced,1984,1,6,11,3,9,3,152100,18.18181818,7.232084155,9.090909091,27.27272727,63.63636364,5,8,81.81818181818183,0.6574621959237344
Merced,1985,0,10,16,8,14,4,157000,12.5,10.1910828,0.0,50.0,50.0,6,8,87.5,0.0
Merced,1986,0,5,12,4,7,2,159500,41.66666667,7.523510972,0.0,33.33333333,66.66666667,7,8,58.33333333333334,0.0
Merced,1987,0,4,8,3,7,1,162900,12.5,4.910988336,0.0,37.5,62.5,8,8,87.5,0.0
Merced,1988,0,4,7,3,5,1,167800,28.57142857,4.171632896,0.0,42.85714286,57.14285714,9,8,71.42857142857143,0.0
Merced,1989,0,6,10,2,8,2,172000,20.0,5.813953487999999,0.0,20.0,80.0,10,8,80.0,0.0
Merced,1990,0,6,15,5,12,5,179400,20.0,8.361204013,0.0,33.33333333,66.66666667,11,8,80.0,0.0
Merced,1991,0,4,10,1,8,5,186239,20.0,5.369444637999999,0.0,10.0,90.0,12,8,80.0,0.0
Merced,1992,1,7,11,3,8,2,190322,27.27272727,5.77967865,9.090909091,27.27272727,63.63636364,13,8,72.72727272727273,0.5254253318060971
Merced,1993,2,15,22,6,20,8,194769,9.090909091,11.29543202,9.090909091,27.27272727,63.63636364,14,8,90.9090909090909,1.0268574567821367
Merced,1994,0,12,17,5,15,6,198458,11.76470588,8.566044201,0.0,29.41176471,70.58823529,15,8,88.23529411764706,0.0
Merced,1995,1,10,14,3,9,6,199020,35.71428571,7.034468897999999,7.142857143,21.42857143,71.42857143,16,8,64.28571428571429,0.5024620641141594
Merced,1996,0,7,8,2,3,4,198115,62.5,4.038058703,0.0,25.0,75.0,17,8,37.5,0.0
Merced,1997,0,11,17,6,11,2,202021,35.29411765,8.414966761,0.0,35.29411765,64.70588235,18,8,64.70588235294117,0.0
Merced,1998,2,12,18,8,12,5,204325,33.33333333,8.809494678,11.11111111,44.44444444,44.44444444,19,8,66.66666666666666,0.9788327419552184
Merced,1999,6,11,14,3,8,7,207457,42.85714286,6.7483864129999995,42.85714286,21.42857143,35.71428571,20,8,57.14285714285714,2.8921656054025653
Merced,2000,1,3,7,2,5,0,211223,28.57142857,3.314033036,14.28571429,28.57142857,57.14285714,21,8,71.42857142857143,0.47343329088214825
Merced,2001,2,2,5,0,3,2,217319,40.0,2.300765235,40.0,0.0,60.0,22,8,60.0,0.9203060938068002
Merced,2002,5,16,18,6,12,10,222733,33.33333333,8.081424845,27.77777778,33.33333333,38.88888889,23,8,66.66666666666666,2.244840234720495
Merced,2003,5,15,19,3,12,6,229182,36.84210526,8.290354391000001,26.31578947,15.78947368,57.89473684,24,8,63.157894736842096,2.181672208114075
Merced,2004,4,15,17,2,12,5,235549,29.41176471,7.217181987999999,23.52941176,11.76470588,64.70588235,25,8,70.58823529411767,1.6981604676733928
Merced,2005,9,15,24,4,16,9,240600,33.33333333,9.975062344,37.5,16.66666667,45.83333333,26,8,66.66666666666666,3.740648379052369
Merced,2006,6,18,24,6,19,11,245555,20.83333333,9.773777769,25.0,25.0,50.0,27,8,79.16666666666666,2.443444442181996
Merced,2007,2,12,17,2,10,5,249538,41.17647059,6.812589666,11.76470588,11.76470588,76.47058824,28,8,58.82352941176471,0.8014811371414374
Merced,2008,5,14,21,6,10,7,251932,52.38095238,8.335582618,23.80952381,28.57142857,47.61904762,29,8,47.61904761904761,1.9846625279837418
Merced,2009,7,12,26,7,14,8,254123,46.15384615,10.23126596,26.92307692,26.92307692,46.15384615,30,8,53.84615384615386,2.7545716050888744
Merced,2010,6,17,27,7,21,9,256386,22.22222222,10.53099623,22.22222222,25.92592593,51.85185185,31,8,77.7777777777778,2.3402213849430153
Merced,2011,4,9,14,4,7,4,260108,50.0,5.382379627000001,28.57142857,28.57142857,42.85714286,32,8,50.0,1.5378227505497717
Merced,2012,6,18,23,4,12,10,262946,47.82608696,8.747043119,26.08695652,17.39130435,56.52173913,33,8,52.17391304347826,2.281837335422482
Merced,2013,2,26,30,1,14,13,264815,53.33333333,11.32866341,6.666666667,3.333333333,90.0,34,8,46.66666666666666,0.7552442271019391
Merced,2014,6,27,30,3,16,12,267659,46.66666667,11.20829115,20.0,10.0,70.0,35,8,53.33333333333334,2.2416582293141647
Merced,2015,1,15,27,4,18,13,269870,33.33333333,10.00481713,3.7037037039999996,14.81481481,81.48148148,36,8,66.66666666666666,0.3705487827472487
Merced,2016,1,6,8,0,6,3,272286,25.0,2.938087158,12.5,0.0,87.5,37,8,75.0,0.36726089479444407
San Francisco,1980,2,63,125,11,73,22,680500,41.6,18.36884644,1.6,8.8,89.6,1,9,58.4,0.29390154298310067
San Francisco,1981,2,60,115,28,84,27,686800,26.95652174,16.74432149,1.739130435,24.34782609,73.91304348,2,9,73.04347826086956,0.29120559114735
San Francisco,1982,3,49,115,21,73,18,695200,36.52173913,16.5420023,2.6086956519999998,18.26086957,79.13043478,3,9,63.47826086956522,0.431530494821634
San Francisco,1983,1,43,86,18,51,19,704200,40.69767442,12.21243965,1.162790698,20.93023256,77.90697674,4,9,59.30232558139535,0.14200511218403863
San Francisco,1984,1,26,76,17,44,10,713000,42.10526316,10.65918654,1.315789474,22.36842105,76.31578947,5,9,57.89473684210528,0.1402524544179523
San Francisco,1985,1,35,88,14,55,14,727500,37.5,12.09621993,1.136363636,15.90909091,82.95454545,6,9,62.5,0.1374570446735395
San Francisco,1986,0,50,119,23,74,23,737500,37.81512605,16.13559322,0.0,19.32773109,80.67226891,7,9,62.18487394957983,0.0
San Francisco,1987,2,41,106,26,65,21,735900,38.67924528,14.404131,1.8867924530000002,24.52830189,73.58490566,8,9,61.32075471698114,0.2717760565294197
San Francisco,1988,4,43,95,18,77,17,730100,18.94736842,13.01191618,4.210526316,18.94736842,76.84210526,9,9,81.05263157894737,0.5478701547733187
San Francisco,1989,6,40,77,11,55,18,724500,28.57142857,10.62801932,7.792207792,14.28571429,77.92207792,10,9,71.42857142857143,0.8281573498964804
San Francisco,1990,13,69,110,12,66,31,723200,40.0,15.21017699,11.81818182,10.90909091,77.27272727,11,9,60.0,1.7975663716814159
San Francisco,1991,8,64,103,23,56,32,725869,45.63106796,14.18988826,7.766990291,22.33009709,69.90291262,12,9,54.36893203883496,1.1021272433455624
San Francisco,1992,6,68,121,15,58,36,731042,52.0661157,16.55171659,4.958677686000001,12.39669421,82.64462809999998,13,9,47.933884297520656,0.8207462772316776
San Francisco,1993,9,90,134,13,65,40,742234,51.49253731,18.05360574,6.71641791,9.701492537,83.58208955,14,9,48.50746268656717,1.2125556091475196
San Francisco,1994,17,67,98,12,41,32,743343,58.16326531,13.18368506,17.34693878,12.24489796,70.40816327,15,9,41.83673469387755,2.286965774884542
San Francisco,1995,11,69,104,14,43,27,739863,58.65384615,14.05665644,10.57692308,13.46153846,75.96153846,16,9,41.346153846153854,1.4867617383218243
San Francisco,1996,6,53,84,10,41,16,744072,51.19047619,11.28923007,7.142857143,11.9047619,80.95238095,17,9,48.80952380952381,0.806373576750637
San Francisco,1997,7,40,64,5,24,11,749406,62.5,8.54009709,10.9375,7.8125,81.25,18,9,37.5,0.9340731192437743
San Francisco,1998,7,39,63,7,27,21,758210,57.14285714,8.309043669,11.11111111,11.11111111,77.77777778,19,9,42.857142857142854,0.9232270742934016
San Francisco,1999,2,44,67,6,30,16,766471,55.2238806,8.741361382000001,2.985074627,8.955223881,88.05970149,20,9,44.77611940298507,0.26093616066361286
San Francisco,2000,8,35,60,5,24,19,781167,60.0,7.68081601,13.33333333,8.333333332999999,78.33333333,21,9,40.0,1.0241088013190522
San Francisco,2001,6,42,67,6,36,17,782223,46.26865672,8.565332392,8.955223881,8.955223881,82.08955224,22,9,53.731343283582106,0.7670446918589713
San Francisco,2002,6,43,73,6,32,18,783255,56.16438356,9.320080943999999,8.219178082,8.219178082,83.56164384,23,9,43.835616438356155,0.766034050213532
San Francisco,2003,18,49,70,9,25,25,781870,64.28571429,8.952894983,25.71428571,12.85714286,61.42857143,24,9,35.714285714285715,2.3021729955107624
San Francisco,2004,9,67,92,4,25,35,780699,72.82608696,11.78431124,9.782608696,4.347826087,85.86956522,25,9,27.17391304347825,1.1528130559921301
San Francisco,2005,7,78,96,5,41,36,779655,57.29166667,12.313138499999999,7.291666667,5.208333333,87.5,26,9,42.70833333333333,0.8978330158852312
San Francisco,2006,13,71,90,2,27,29,782928,70.0,11.49530991,14.44444444,2.222222222,83.33333333,27,9,30.0,1.6604336541802054
San Francisco,2007,5,73,101,6,20,33,791334,80.1980198,12.76325799,4.95049505,5.9405940589999995,89.10891089,28,9,19.801980198019802,0.6318444550594312
San Francisco,2008,5,79,99,6,37,37,798673,62.62626263,12.39556114,5.050505051,6.0606060610000005,88.88888889,29,9,37.37373737373737,0.6260384412644474
San Francisco,2009,3,24,47,4,27,14,801799,42.55319149,5.861818236,6.382978723,8.510638298,85.10638298,30,9,57.44680851063831,0.3741586108239097
San Francisco,2010,14,31,48,3,21,14,807177,56.25,5.946651106,29.16666667,6.25,64.58333333,31,9,43.75,1.734439905993357
San Francisco,2011,4,34,50,7,34,21,820194,32.0,6.096118722999999,8.0,14.0,78.0,32,9,68.0,0.4876894978505086
San Francisco,2012,7,48,72,2,29,27,833120,59.72222222,8.642212406,9.722222222000001,2.777777778,87.5,33,9,40.27777777777778,0.8402150950643364
San Francisco,2013,4,36,54,1,26,22,844066,51.85185185,6.397603978999999,7.407407407000001,1.8518518519999998,90.74074074,34,9,48.148148148148145,0.47389659102487247
San Francisco,2014,3,33,47,7,25,19,854421,46.80851064,5.500801127000001,6.382978723,14.89361702,78.72340426,35,9,53.19148936170214,0.3511149655731776
San Francisco,2015,3,39,59,7,27,18,864783,54.23728814,6.822520794,5.084745763,11.86440678,83.05084746,36,9,45.76271186440679,0.34690783699494554
San Francisco,2016,3,42,60,8,27,16,872463,55.0,6.877082467,5.0,13.33333333,81.66666667,37,9,45.0,0.3438541233267199
Stanislaus,1980,0,16,31,9,28,10,267700,9.677419355,11.58012701,0.0,29.03225806,70.96774194,1,10,90.32258064516128,0.0
Stanislaus,1981,0,17,22,7,20,8,275500,9.090909091,7.985480944,0.0,31.81818182,68.18181818,2,10,90.9090909090909,0.0
Stanislaus,1982,0,11,21,3,18,8,281100,14.28571429,7.470651013999999,0.0,14.28571429,85.71428571,3,10,85.71428571428571,0.0
Stanislaus,1983,0,6,16,4,13,2,289100,18.75,5.534417157000001,0.0,25.0,75.0,4,10,81.25,0.0
Stanislaus,1984,0,8,16,5,15,4,294500,6.25,5.432937182000001,0.0,31.25,68.75,5,10,93.75,0.0
Stanislaus,1985,0,10,18,9,16,4,302000,11.11111111,5.960264901,0.0,50.0,50.0,6,10,88.88888888888891,0.0
Stanislaus,1986,0,12,23,7,19,4,312600,17.39130435,7.357645552999999,0.0,30.43478261,69.56521739,7,10,82.6086956521739,0.0
Stanislaus,1987,0,14,21,7,16,7,325200,23.80952381,6.457564576,0.0,33.33333333,66.66666667,8,10,76.19047619047619,0.0
Stanislaus,1988,0,10,18,6,14,2,338300,22.22222222,5.320721253,0.0,33.33333333,66.66666667,9,10,77.7777777777778,0.0
Stanislaus,1989,1,17,23,9,20,3,354200,13.04347826,6.493506494,4.347826087,39.13043478,56.52173913,10,10,86.95652173913044,0.28232636928289107
Stanislaus,1990,1,17,28,12,24,11,373600,14.28571429,7.494646681,3.571428571,42.85714286,53.57142857,11,10,85.71428571428571,0.2676659528907923
Stanislaus,1991,2,16,26,4,18,8,388134,30.76923077,6.6987174529999995,7.692307692000001,15.38461538,76.92307692,12,10,69.23076923076923,0.5152859579423601
Stanislaus,1992,1,26,40,22,35,7,397341,12.5,10.06691985,2.5,55.0,42.5,13,10,87.5,0.25167299624252215
Stanislaus,1993,6,22,31,3,24,16,405859,22.58064516,7.638120627999999,19.35483871,9.677419355,70.96774194,14,10,77.41935483870971,1.4783459280193367
Stanislaus,1994,2,26,29,9,24,10,410698,17.24137931,7.061149555,6.896551724,31.03448276,62.06896552,15,10,82.75862068965517,0.48697583138948813
Stanislaus,1995,2,22,37,9,30,17,415341,18.91891892,8.908342783,5.405405405,24.32432432,70.27027027,16,10,81.08108108108108,0.4815320423459278
Stanislaus,1996,5,20,31,5,23,7,419639,25.80645161,7.387301943,16.12903226,16.12903226,67.74193548,17,10,74.19354838709677,1.1915003133645825
Stanislaus,1997,3,20,32,8,27,9,426734,15.625,7.498816593,9.375,25.0,65.625,18,10,84.375,0.7030140555943515
Stanislaus,1998,2,18,28,9,23,7,431370,17.85714286,6.490947447000001,7.142857143,32.14285714,60.71428571,19,10,82.14285714285714,0.46363910332197417
Stanislaus,1999,8,18,26,5,19,8,440908,26.92307692,5.896921807000001,30.76923077,19.23076923,50.0,20,10,73.07692307692307,1.8144374790205666
Stanislaus,2000,0,11,18,4,14,3,451029,22.22222222,3.9908742010000013,0.0,22.22222222,77.77777778,21,10,77.7777777777778,0.0
Stanislaus,2001,1,21,37,11,34,11,463128,8.108108108,7.989152027,2.702702703,29.72972973,67.56756757,22,10,91.8918918918919,0.21592302775906447
Stanislaus,2002,1,11,18,4,17,7,473580,5.555555556,3.8008361839999996,5.555555556,22.22222222,72.22222222,23,10,94.44444444444444,0.21115756577558176
Stanislaus,2003,1,21,31,5,26,6,483007,16.12903226,6.418126445,3.225806452,16.12903226,80.64516129,24,10,83.87096774193549,0.20703633694749765
Stanislaus,2004,14,33,47,12,44,20,490283,6.382978723,9.586300157,29.78723404,25.53191489,44.68085106,25,10,93.61702127659576,2.8554936638635238
Stanislaus,2005,7,22,33,4,23,15,498020,30.303030300000003,6.62623991,21.21212121,12.12121212,66.66666667,26,10,69.6969696969697,1.4055660415244366
Stanislaus,2006,3,20,30,6,23,8,503548,23.33333333,5.957723991,10.0,20.0,70.0,27,10,76.66666666666667,0.5957723990562965
Stanislaus,2007,4,16,28,8,17,9,508372,39.28571429,5.507777769,14.28571429,28.57142857,57.14285714,28,10,60.71428571428571,0.7868253955764677
Stanislaus,2008,3,17,31,10,24,3,510396,22.58064516,6.073715311,9.677419355,32.25806452,58.06451613,29,10,77.41935483870971,0.5877789010885665
Stanislaus,2009,17,36,48,9,29,16,512052,39.58333333,9.374047948,35.41666667,18.75,45.83333333,30,10,60.41666666666666,3.3199753150070697
Stanislaus,2010,4,23,32,2,22,7,515311,31.25,6.209842212000001,12.5,6.25,81.25,31,10,68.75,0.7762302764738188
Stanislaus,2011,5,21,34,8,27,12,518957,20.58823529,6.551602541,14.70588235,23.52941176,61.76470588,32,10,79.41176470588233,0.9634709619486778
Stanislaus,2012,5,35,44,5,30,18,523698,31.81818182,8.401788817,11.36363636,11.36363636,77.27272727,33,10,68.18181818181817,0.9547487292294413
Stanislaus,2013,6,28,34,7,23,16,527732,32.35294118,6.442664079,17.64705882,20.58823529,61.76470588,34,10,67.64705882352942,1.1369407199108639
Stanislaus,2014,5,22,34,4,19,8,531588,44.11764706,6.395930683,14.70588235,11.76470588,73.52941176,35,10,55.88235294117647,0.9405780416412711
Stanislaus,2015,1,22,40,4,28,3,537608,30.0,7.4403654710000025,2.5,10.0,87.5,36,10,70.0,0.18600913676879807
Stanislaus,2016,2,23,35,2,24,6,543592,31.42857143,6.438652519,5.714285714,5.714285714,88.57142857,37,10,68.57142857142857,0.3679230010743352
Lake,1980,0,3,3,1,2,0,36800,33.33333333,8.152173913,0.0,33.33333333,66.66666667,1,11,66.66666666666666,0.0
Lake,1981,0,2,4,1,4,1,38600,0.0,10.362694300000001,0.0,25.0,75.0,2,11,100.0,0.0
Lake,1982,0,0,0,0,0,0,39900,0.0,0.0,0.0,0.0,0.0,3,11,,0.0
Lake,1983,0,1,1,0,1,0,41700,0.0,2.398081535,0.0,0.0,100.0,4,11,100.0,0.0
Lake,1984,0,4,6,1,4,2,43800,33.33333333,13.69863014,0.0,16.66666667,83.33333333,5,11,66.66666666666666,0.0
Lake,1985,0,1,1,0,1,0,45600,0.0,2.1929824559999997,0.0,0.0,100.0,6,11,100.0,0.0
Lake,1986,0,4,7,4,7,1,46300,0.0,15.1187905,0.0,57.14285714,42.85714286,7,11,100.0,0.0
Lake,1987,0,4,5,4,5,0,47300,0.0,10.57082452,0.0,80.0,20.0,8,11,100.0,0.0
Lake,1988,0,3,4,3,4,1,48200,0.0,8.298755187000001,0.0,75.0,25.0,9,11,100.0,0.0
Lake,1989,0,4,6,4,6,2,49200,0.0,12.19512195,0.0,66.66666667,33.33333333,10,11,100.0,0.0
Lake,1990,0,2,5,2,5,1,51000,0.0,9.803921569,0.0,40.0,60.0,11,11,100.0,0.0
Lake,1991,0,4,7,4,5,1,53052,28.57142857,13.19460152,0.0,57.14285714,42.85714286,12,11,71.42857142857143,0.0
Lake,1992,0,3,6,4,5,1,54459,16.66666667,11.01746268,0.0,66.66666667,33.33333333,13,11,83.33333333333334,0.0
Lake,1993,0,3,4,2,4,2,55481,0.0,7.209675384,0.0,50.0,50.0,14,11,100.0,0.0
Lake,1994,0,1,4,1,3,1,56072,25.0,7.133685262,0.0,25.0,75.0,15,11,75.0,0.0
Lake,1995,0,2,5,1,4,1,56630,20.0,8.829242451,0.0,20.0,80.0,16,11,80.0,0.0
Lake,1996,0,1,2,0,1,0,56644,50.0,3.5308240939999997,0.0,0.0,100.0,17,11,50.0,0.0
Lake,1997,0,1,5,3,4,0,57026,20.0,8.767930417999999,0.0,60.0,40.0,18,11,80.0,0.0
Lake,1998,1,3,6,3,6,1,56947,0.0,10.53611253,16.66666667,50.0,33.33333333,19,11,100.0,1.7560187542802959
Lake,1999,0,2,4,2,2,1,57601,50.0,6.944323882999999,0.0,50.0,50.0,20,11,50.0,0.0
Lake,2000,2,3,5,1,3,2,58575,40.0,8.536064874,40.0,20.0,40.0,21,11,60.0,3.4144259496372174
Lake,2001,0,0,1,1,1,0,60046,0.0,1.665389868,0.0,100.0,0.0,22,11,100.0,0.0
Lake,2002,0,3,5,1,4,0,61005,20.0,8.196049504,0.0,20.0,80.0,23,11,80.0,0.0
Lake,2003,0,1,1,0,1,0,61981,0.0,1.6133976540000001,0.0,0.0,100.0,24,11,100.0,0.0
Lake,2004,0,1,1,1,1,0,62633,0.0,1.59660243,0.0,100.0,0.0,25,11,100.0,0.0
Lake,2005,0,2,4,2,4,2,63107,0.0,6.33844106,0.0,50.0,50.0,26,11,100.0,0.0
Lake,2006,0,3,7,4,7,0,63792,0.0,10.97316278,0.0,57.14285714,42.85714286,27,11,100.0,0.0
Lake,2007,0,0,5,2,5,0,63986,0.0,7.814209357999999,0.0,40.0,60.0,28,11,100.0,0.0
Lake,2008,0,1,5,1,3,2,64370,40.0,7.7675936000000005,0.0,20.0,80.0,29,11,60.0,0.0
Lake,2009,0,2,4,1,3,0,64396,25.0,6.211565936,0.0,25.0,75.0,30,11,75.0,0.0
Lake,2010,0,4,4,2,2,0,64466,50.0,6.2048211460000005,0.0,50.0,50.0,31,11,50.0,0.0
Lake,2011,0,3,3,1,3,0,64807,0.0,4.629129569,0.0,33.33333333,66.66666667,32,11,100.0,0.0
Lake,2012,0,2,4,0,4,0,64905,0.0,6.1628534010000005,0.0,0.0,100.0,33,11,100.0,0.0
Lake,2013,0,3,5,2,4,0,64790,20.0,7.717240315,0.0,40.0,60.0,34,11,80.0,0.0
Lake,2014,0,2,6,1,4,0,65129,33.33333333,9.212485989,0.0,16.66666667,83.33333333,35,11,66.66666666666666,0.0
Lake,2015,0,7,8,4,8,0,64815,0.0,12.34282188,0.0,50.0,50.0,36,11,100.0,0.0
Lake,2016,0,3,5,3,4,1,64712,20.0,7.726542218,0.0,60.0,40.0,37,11,80.0,0.0
San Bernardino,1980,3,98,151,29,102,47,902200,32.45033113,16.73686544,1.986754967,19.20529801,78.80794702,1,12,67.54966887417218,0.33252050543116823
San Bernardino,1981,6,85,150,42,111,59,931800,26.0,16.09787508,4.0,28.0,68.0,2,12,74.0,0.6439150032195751
San Bernardino,1982,6,72,106,37,78,40,964000,26.41509434,10.99585062,5.660377358,34.90566038,59.43396226,3,12,73.58490566037736,0.6224066390041494
San Bernardino,1983,3,79,135,50,102,41,993500,24.44444444,13.58832411,2.222222222,37.03703704,60.74074074,4,12,75.55555555555556,0.3019627579265224
San Bernardino,1984,10,67,108,30,70,31,1023500,35.18518519,10.55202736,9.259259259,27.77777778,62.96296296,5,12,64.81481481481481,0.9770395701025892
San Bernardino,1985,4,69,118,29,79,34,1065600,33.05084746,11.07357357,3.389830508,24.57627119,72.03389831,6,12,66.9491525423729,0.37537537537537535
San Bernardino,1986,5,88,145,46,101,41,1120800,30.34482759,12.93718772,3.448275862,31.72413793,64.82758621,7,12,69.65517241379311,0.44610992148465384
San Bernardino,1987,8,97,153,61,107,42,1189800,30.06535948,12.85930408,5.22875817,39.86928105,54.90196078,8,12,69.93464052287581,0.6723819129265423
San Bernardino,1988,7,98,148,50,117,34,1269500,20.94594595,11.65813312,4.72972973,33.78378378,61.48648649,9,12,79.05405405405406,0.5513981882630957
San Bernardino,1989,16,128,188,72,150,65,1353000,20.21276596,13.89504804,8.510638298,38.29787234,53.19148936,10,12,79.78723404255321,1.1825572801182556
San Bernardino,1990,27,159,215,56,153,77,1432100,28.837209299999998,15.01291809,12.55813953,26.04651163,61.39534884,11,12,71.16279069767441,1.8853432022903427
San Bernardino,1991,30,155,230,76,153,82,1496611,33.47826087,15.36805489,13.04347826,33.04347826,53.91304348,12,12,66.52173913043478,2.004528898959048
San Bernardino,1992,37,173,248,72,165,85,1536458,33.46774194,16.14102045,14.91935484,29.03225806,56.04838710000001,13,12,66.53225806451613,2.4081361156634284
San Bernardino,1993,50,210,270,51,172,100,1556663,36.2962963,17.344794600000004,18.51851852,18.88888889,62.59259259,14,12,63.70370370370371,3.211999000425911
San Bernardino,1994,41,203,264,50,177,105,1567716,32.95454545,16.83978476,15.53030303,18.93939394,65.53030303,15,12,67.04545454545455,2.615269602402476
San Bernardino,1995,34,180,237,51,156,99,1580776,34.17721519,14.99263653,14.34599156,21.51898734,64.1350211,16,12,65.82278481012658,2.15084237108863
San Bernardino,1996,28,142,199,47,139,78,1601630,30.15075377,12.42484219,14.07035176,23.61809045,62.31155779,17,12,69.84924623115577,1.7482190018918227
San Bernardino,1997,23,106,159,29,93,43,1626289,41.50943396,9.776860078,14.46540881,18.23899371,67.29559748,18,12,58.49056603773585,1.4142627786328261
San Bernardino,1998,26,114,160,25,113,67,1650580,29.375,9.693562262999999,16.25,15.625,68.125,19,12,70.625,1.575203867731343
San Bernardino,1999,14,81,117,21,74,45,1683843,36.75213675,6.948391269,11.96581197,17.94871795,70.08547009,20,12,63.24786324786324,0.8314314339282226
San Bernardino,2000,28,102,154,33,102,50,1722378,33.76623377,8.941126745,18.18181818,21.42857143,60.38961039,21,12,66.23376623376622,1.6256594080974096
San Bernardino,2001,19,96,137,27,83,50,1763780,39.41605839,7.767408634,13.86861314,19.7080292,66.42335766,22,12,60.58394160583942,1.0772318543128963
San Bernardino,2002,28,105,157,29,103,43,1800849,34.39490446,8.71811018,17.8343949,18.47133758,63.69426752,23,12,65.60509554140127,1.5548221977522823
San Bernardino,2003,36,138,183,34,122,75,1850075,33.33333333,9.891490886,19.67213115,18.57923497,61.74863388,24,12,66.66666666666666,1.945867059443536
San Bernardino,2004,29,132,178,35,120,62,1900210,32.58426966,9.36738571,16.29213483,19.66292135,64.04494382,25,12,67.41573033707866,1.5261471100562571
San Bernardino,2005,24,133,188,28,126,67,1942734,32.9787234,9.677083945,12.76595745,14.89361702,72.34042553,26,12,67.02127659574468,1.2353724184576993
San Bernardino,2006,24,125,178,42,132,68,1976767,25.84269663,9.004601959,13.48314607,23.59550562,62.92134831,27,12,74.15730337078651,1.2141036348745198
San Bernardino,2007,13,142,187,40,126,67,2002651,32.62032086,9.337622981,6.951871658,21.39037433,71.65775401,28,12,67.37967914438502,0.6491395655059219
San Bernardino,2008,17,78,119,26,78,46,2016526,34.45378151,5.90123807,14.28571429,21.8487395,63.86554622,29,12,65.54621848739495,0.8430340099755718
San Bernardino,2009,20,97,133,25,87,42,2022319,34.58646617,6.576608339,15.03759398,18.79699248,66.16541353,30,12,65.41353383458647,0.98896366003583
San Bernardino,2010,17,71,118,29,89,34,2038771,24.57627119,5.787800592000001,14.40677966,24.57627119,61.01694915,31,12,75.42372881355931,0.8338356784553047
San Bernardino,2011,8,77,111,26,79,39,2064762,28.82882883,5.375922261,7.207207207000001,23.42342342,69.36936937,32,12,71.17117117117117,0.3874538566672575
San Bernardino,2012,9,80,112,19,77,19,2077397,31.25,5.391362364,8.035714286000001,16.96428571,75.0,33,12,68.75,0.43323447564427986
San Bernardino,2013,5,89,136,24,79,37,2091890,41.91176471,6.501297869,3.676470588,17.64705882,78.67647059,34,12,58.08823529411765,0.23901830402172197
San Bernardino,2014,6,85,125,35,80,33,2110975,36.0,5.921434408,4.8,28.0,67.2,35,12,64.0,0.2842288515970109
San Bernardino,2015,11,91,133,30,99,29,2128499,25.56390977,6.2485347660000015,8.270676692,22.55639098,69.17293233,36,12,74.43609022556392,0.5167961084313406
San Bernardino,2016,9,112,144,31,93,35,2143578,35.41666667,6.717740152,6.25,21.52777778,72.22222222,37,12,64.58333333333334,0.41985875951329976
Sacramento,1980,0,40,81,10,56,28,787900,30.86419753,10.28049245,0.0,12.34567901,87.65432099,1,13,69.1358024691358,0.0
Sacramento,1981,1,44,82,24,67,25,806700,18.29268293,10.16486922,1.219512195,29.26829268,69.51219512,2,13,81.70731707317074,0.12396181975951406
Sacramento,1982,2,47,86,16,64,23,832200,25.58139535,10.33405431,2.325581395,18.60465116,79.06976744,3,13,74.4186046511628,0.2403268445085316
Sacramento,1983,2,42,80,32,64,21,852900,20.0,9.379763161,2.5,40.0,57.5,4,13,80.0,0.23449407902450464
Sacramento,1984,0,45,85,20,70,25,869800,17.64705882,9.772361462000001,0.0,23.52941176,76.47058824,5,13,82.35294117647058,0.0
Sacramento,1985,0,46,73,28,65,22,890700,10.95890411,8.195801055,0.0,38.35616438,61.64383562,6,13,89.04109589041096,0.0
Sacramento,1986,2,67,115,31,86,33,918200,25.2173913,12.52450447,1.739130435,26.95652174,71.30434783,7,13,74.78260869565217,0.21781746896101065
Sacramento,1987,5,61,127,42,98,33,951400,22.83464567,13.34874921,3.937007874,33.07086614,62.99212598,8,13,77.16535433070865,0.5255413075467731
Sacramento,1988,1,67,118,39,98,32,981700,16.94915254,12.01996537,0.847457627,33.05084746,66.10169492,9,13,83.0508474576271,0.10186411327289396
Sacramento,1989,7,66,84,30,69,30,1011800,17.85714286,8.302035975,8.333333332999999,35.71428571,55.95238095,10,13,82.14285714285714,0.6918363312907689
Sacramento,1990,1,58,93,36,77,25,1046900,17.20430108,8.883369949,1.075268817,38.70967742,60.21505376,11,13,82.79569892473118,0.09552010698251982
Sacramento,1991,6,97,136,31,88,38,180078,35.29411765,75.522829,4.4117647060000005,22.79411765,72.79411765,12,13,64.70588235294117,3.3318895145436978
Sacramento,1992,7,74,105,21,74,36,196607,29.52380952,53.40603336,6.666666667,20.0,73.33333333,13,13,70.47619047619048,3.5604022237255033
Sacramento,1993,12,112,163,41,128,56,1111097,21.47239264,14.67018631,7.36196319,25.15337423,67.48466258,14,13,78.52760736196319,1.0800137161741954
Sacramento,1994,20,96,137,30,95,47,1116418,30.65693431,12.27138939,14.59854015,21.89781022,63.50364964,15,13,69.34306569343065,1.7914437065686866
Sacramento,1995,17,77,117,27,80,33,1120733,31.62393162,10.43959623,14.52991453,23.07692308,62.39316239,16,13,68.37606837606836,1.5168644092750012
Sacramento,1996,9,64,102,31,70,33,1134687,31.37254902,8.989263118,8.823529412000001,30.39215686,60.78431373,17,13,68.62745098039215,0.7931702751507684
Sacramento,1997,5,60,97,20,70,33,1149127,27.83505155,8.441190573,5.154639175,20.6185567,74.22680412,18,13,72.16494845360825,0.43511291615287084
Sacramento,1998,8,40,81,20,59,34,1165767,27.16049383,6.948215209,9.87654321,24.69135802,65.43209877,19,13,72.83950617283949,0.6862434774701978
Sacramento,1999,2,48,83,35,66,29,1204658,20.48192771,6.889922285,2.4096385540000003,42.168674700000004,55.42168675,20,13,79.51807228915663,0.16602222373486916
Sacramento,2000,4,50,83,29,67,23,1233563,19.27710843,6.728476777999999,4.8192771080000005,34.93975904,60.24096386,21,13,80.72289156626506,0.3242639411201536
Sacramento,2001,7,50,85,23,60,29,1265767,29.41176471,6.715295942999999,8.235294117999999,27.05882353,64.70588235,22,13,70.58823529411767,0.5530243717840646
Sacramento,2002,14,59,87,16,65,35,1293483,25.28735632,6.726025777,16.09195402,18.3908046,65.51724138,23,13,74.71264367816093,1.08234897559535
Sacramento,2003,12,56,87,20,64,30,1320963,26.43678161,6.586104229,13.79310345,22.98850575,63.218390799999995,24,13,73.5632183908046,0.9084281694491065
Sacramento,2004,8,63,103,20,71,36,1342899,31.06796117,7.669973691,7.766990291,19.41747573,72.81553398,25,13,68.93203883495146,0.5957261119414043
Sacramento,2005,9,75,114,29,84,41,1358168,26.31578947,8.393659695,7.894736842,25.43859649,66.66666667,26,13,73.68421052631578,0.6626573443049756
Sacramento,2006,15,78,110,16,71,42,1372275,35.45454545,8.015886028999999,13.63636364,14.54545455,71.81818182,27,13,64.54545454545455,1.0930753675465923
Sacramento,2007,10,61,92,18,62,36,1388086,32.60869565,6.627831417,10.86956522,19.56521739,69.56521739,28,13,67.3913043478261,0.7204164583462408
Sacramento,2008,9,64,97,25,72,26,1400939,25.77319588,6.923927452,9.278350515,25.77319588,64.94845361,29,13,74.22680412371135,0.642426258388124
Sacramento,2009,9,50,77,14,61,33,1411403,20.77922078,5.455564428,11.68831169,18.18181818,70.12987013,30,13,79.22077922077922,0.637663374670452
Sacramento,2010,13,57,84,23,62,30,1420447,26.19047619,5.913631412999999,15.47619048,27.38095238,57.14285714,31,13,73.80952380952381,0.9152048615682247
Sacramento,2011,11,55,84,15,58,26,1433805,30.95238095,5.858537248999999,13.0952381,17.85714286,69.04761905,32,13,69.04761904761905,0.767189401627139
Sacramento,2012,6,76,96,20,68,25,1444986,29.16666667,6.643662984,6.25,20.83333333,72.91666667,33,13,70.83333333333334,0.41522893647412507
Sacramento,2013,6,54,85,17,56,24,1455502,34.11764706,5.839909529,7.058823529,20.0,72.94117647,34,13,65.88235294117646,0.4122289079643999
Sacramento,2014,5,56,87,18,63,21,1473374,27.586206899999997,5.9048143920000005,5.747126437,20.68965517,73.56321839,35,13,72.41379310344827,0.33935714896557156
Sacramento,2015,7,71,99,21,71,30,1488600,28.28282828,6.650544135,7.070707071,21.21212121,71.71717172,36,13,71.71717171717171,0.47024049442429133
Sacramento,2016,1,66,96,20,60,23,1503536,37.5,6.384948548,1.041666667,20.83333333,78.125,37,13,62.5,0.06650988070787796
Mendocino,1980,0,4,8,4,5,4,67000,37.5,11.94029851,0.0,50.0,50.0,1,14,62.5,0.0
Mendocino,1981,0,2,4,1,2,1,68500,50.0,5.839416057999999,0.0,25.0,75.0,2,14,50.0,0.0
Mendocino,1982,1,2,3,1,3,1,69800,0.0,4.297994269,33.33333333,33.33333333,33.33333333,3,14,100.0,1.4326647564469914
Mendocino,1983,0,3,5,0,4,0,70800,20.0,7.0621468929999995,0.0,0.0,100.0,4,14,80.0,0.0
Mendocino,1984,0,5,9,2,7,2,71800,22.22222222,12.53481894,0.0,22.22222222,77.77777778,5,14,77.7777777777778,0.0
Mendocino,1985,0,5,7,1,7,2,73400,0.0,9.536784741,0.0,14.28571429,85.71428571,6,14,100.0,0.0
Mendocino,1986,4,6,10,6,6,3,74500,40.0,13.42281879,40.0,60.0,0.0,7,14,60.0,5.369127516778524
Mendocino,1987,0,5,5,1,3,2,75600,40.0,6.613756614,0.0,20.0,80.0,8,14,60.0,0.0
Mendocino,1988,0,6,9,4,7,1,76800,22.22222222,11.71875,0.0,44.44444444,55.55555556,9,14,77.7777777777778,0.0
Mendocino,1989,0,6,7,2,6,2,78500,14.28571429,8.917197452,0.0,28.57142857,71.42857143,10,14,85.71428571428571,0.0
Mendocino,1990,0,7,9,4,9,3,80600,0.0,11.1662531,0.0,44.44444444,55.55555556,11,14,100.0,0.0
Mendocino,1991,0,2,2,1,2,0,81847,0.0,2.44358376,0.0,50.0,50.0,12,14,100.0,0.0
Mendocino,1992,0,4,6,2,6,0,82372,0.0,7.284028553,0.0,33.33333333,66.66666667,13,14,100.0,0.0
Mendocino,1993,0,7,9,5,6,2,83009,33.33333333,10.84219783,0.0,55.55555556,44.44444444,14,14,66.66666666666666,0.0
Mendocino,1994,0,2,6,5,5,1,83354,16.66666667,7.198214843,0.0,83.33333333,16.66666667,15,14,83.33333333333334,0.0
Mendocino,1995,0,5,5,1,5,1,83753,0.0,5.969935405,0.0,20.0,80.0,16,14,100.0,0.0
Mendocino,1996,0,1,5,2,5,1,84291,0.0,5.931831394,0.0,40.0,60.0,17,14,100.0,0.0
Mendocino,1997,0,6,8,2,7,1,85322,12.5,9.376245283,0.0,25.0,75.0,18,14,87.5,0.0
Mendocino,1998,0,3,7,2,5,0,85223,28.57142857,8.213745116,0.0,28.57142857,71.42857143,19,14,71.42857142857143,0.0
Mendocino,1999,0,5,8,6,6,0,85800,25.0,9.324009324,0.0,75.0,25.0,20,14,75.0,0.0
Mendocino,2000,0,0,5,2,4,0,86539,20.0,5.777741827000001,0.0,40.0,60.0,21,14,80.0,0.0
Mendocino,2001,0,1,4,1,3,0,87140,25.0,4.590314437,0.0,25.0,75.0,22,14,75.0,0.0
Mendocino,2002,0,3,5,3,4,1,87507,20.0,5.713828607999999,0.0,60.0,40.0,23,14,80.0,0.0
Mendocino,2003,0,6,10,2,9,0,88017,10.0,11.36144154,0.0,20.0,80.0,24,14,90.0,0.0
Mendocino,2004,0,4,6,3,4,1,88239,33.33333333,6.799714412,0.0,50.0,50.0,25,14,66.66666666666666,0.0
Mendocino,2005,0,2,4,2,3,2,88016,25.0,4.544628249,0.0,50.0,50.0,26,14,75.0,0.0
Mendocino,2006,0,3,6,2,5,2,87584,16.66666667,6.850566313,0.0,33.33333333,66.66666667,27,14,83.33333333333334,0.0
Mendocino,2007,0,6,7,0,6,2,87646,14.28571429,7.986673665,0.0,0.0,100.0,28,14,85.71428571428571,0.0
Mendocino,2008,0,2,7,3,7,1,87782,0.0,7.97429997,0.0,42.85714286,57.14285714,29,14,100.0,0.0
Mendocino,2009,0,4,5,1,4,1,87569,20.0,5.709783142,0.0,20.0,80.0,30,14,80.0,0.0
Mendocino,2010,0,3,5,1,5,2,87939,0.0,5.685759447000001,0.0,20.0,80.0,31,14,100.0,0.0
Mendocino,2011,0,5,7,1,7,1,87226,0.0,8.025130122,0.0,14.28571429,85.71428571,32,14,100.0,0.0
Mendocino,2012,0,2,6,3,4,1,87976,33.33333333,6.82004183,0.0,50.0,50.0,33,14,66.66666666666666,0.0
Mendocino,2013,0,2,4,0,1,1,88040,75.0,4.543389368,0.0,0.0,100.0,34,14,25.0,0.0
Mendocino,2014,0,3,6,2,5,1,88440,16.66666667,6.784260516,0.0,33.33333333,66.66666667,35,14,83.33333333333334,0.0
Mendocino,2015,0,4,6,3,6,2,88264,0.0,6.797788453,0.0,50.0,50.0,36,14,100.0,0.0
Mendocino,2016,0,1,8,2,7,1,88779,12.5,9.011140022000001,0.0,25.0,75.0,37,14,87.5,0.0
Solano,1980,0,11,17,4,11,4,237200,35.29411765,7.166947723,0.0,23.52941176,76.47058824,1,15,64.70588235294117,0.0
Solano,1981,0,9,11,5,11,3,246100,0.0,4.469727753,0.0,45.45454545,54.54545455,2,15,100.0,0.0
Solano,1982,0,6,19,8,15,4,255000,21.05263158,7.450980392000001,0.0,42.10526316,57.89473684,3,15,78.94736842105263,0.0
Solano,1983,0,6,12,5,10,4,261600,16.66666667,4.587155963,0.0,41.66666667,58.33333333,4,15,83.33333333333334,0.0
Solano,1984,0,12,20,4,12,5,265600,40.0,7.530120482,0.0,20.0,80.0,5,15,60.0,0.0
Solano,1985,0,7,13,3,8,2,273300,38.46153846,4.756677644,0.0,23.07692308,76.92307692,6,15,61.53846153846154,0.0
Solano,1986,0,12,22,10,16,7,284800,27.27272727,7.724719101,0.0,45.45454545,54.54545455,7,15,72.72727272727273,0.0
Solano,1987,0,12,33,13,22,11,297800,33.33333333,11.08126259,0.0,39.39393939,60.60606061,8,15,66.66666666666666,0.0
Solano,1988,0,17,25,12,23,7,310400,8.0,8.054123711,0.0,48.0,52.0,9,15,92.0,0.0
Solano,1989,3,16,25,7,23,5,325200,8.0,7.6875768760000005,12.0,28.0,60.0,10,15,92.0,0.922509225092251
Solano,1990,1,8,17,4,13,5,342500,23.52941176,4.96350365,5.8823529410000015,23.52941176,70.58823529,11,15,76.47058823529412,0.29197080291970806
Solano,1991,1,25,35,6,24,11,356397,31.42857143,9.820509151,2.857142857,17.14285714,80.0,12,15,68.57142857142857,0.28058597575176
Solano,1992,1,17,30,12,24,7,361948,20.0,8.288483429,3.333333333,40.0,56.66666667,13,15,80.0,0.27628278095195996
Solano,1993,1,15,27,6,24,10,367313,11.11111111,7.3506791210000015,3.7037037039999996,22.22222222,74.07407407,14,15,88.88888888888891,0.2722473748546879
Solano,1994,4,28,47,13,35,17,368744,25.53191489,12.745970100000001,8.510638298,27.65957447,63.82978723,15,15,74.46808510638297,1.084763413099603
Solano,1995,3,16,31,9,19,8,367701,38.70967742,8.430763038,9.677419355,29.03225806,61.29032258,16,15,61.29032258064516,0.8158802940432579
Solano,1996,0,15,24,8,15,7,368534,37.5,6.5122892320000005,0.0,33.33333333,66.66666667,17,15,62.5,0.0
Solano,1997,1,10,15,4,11,3,374227,26.66666667,4.008262365,6.666666667,26.66666667,66.66666667,18,15,73.33333333333333,0.2672174909880901
Solano,1998,1,13,19,1,12,8,380021,36.84210526,4.999723699,5.263157895,5.263157895,89.47368421,19,15,63.157894736842096,0.2631433526041982
Solano,1999,1,9,16,3,10,6,388640,37.5,4.116920543,6.25,18.75,75.0,20,15,62.5,0.2573075339645945
Solano,2000,0,12,23,11,20,3,397181,13.04347826,5.790810738999999,0.0,47.82608696,52.17391304,21,15,86.95652173913044,0.0
Solano,2001,0,6,14,1,12,5,402968,14.28571429,3.474221278,0.0,7.142857143,92.85714286,22,15,85.71428571428571,0.0
Solano,2002,0,10,17,4,12,5,406816,29.41176471,4.178793361,0.0,23.52941176,76.47058824,23,15,70.58823529411767,0.0
Solano,2003,3,16,26,5,21,12,408929,19.23076923,6.358071938999999,11.53846154,19.23076923,69.23076923,24,15,80.76923076923076,0.7336236852852206
Solano,2004,1,16,23,5,18,8,411389,21.73913043,5.590815506,4.347826087,21.73913043,73.91304348,25,15,78.26086956521739,0.2430789350225699
Solano,2005,3,20,31,6,21,12,410570,32.25806452,7.550478602999999,9.677419355,19.35483871,70.96774194,26,15,67.74193548387096,0.7306914777017317
Solano,2006,2,10,15,2,13,6,411351,13.33333333,3.646520854,13.33333333,13.33333333,73.33333333,27,15,86.66666666666669,0.4862027805937022
Solano,2007,3,26,34,7,27,9,412636,20.58823529,8.239707636,8.823529412000001,20.58823529,70.58823529,28,15,79.41176470588233,0.7270330266869589
Solano,2008,2,19,24,4,10,12,413167,58.33333333,5.808789182000001,8.333333332999999,16.66666667,75.0,29,15,41.66666666666667,0.4840657651748567
Solano,2009,1,17,20,1,8,11,412488,60.0,4.848625899,5.0,5.0,90.0,30,15,40.0,0.2424312949710052
Solano,2010,0,24,38,14,26,9,413220,31.57894737,9.19606989,0.0,36.84210526,63.15789474,31,15,68.42105263157895,0.0
Solano,2011,0,26,31,6,19,12,414659,38.70967742,7.476022467000001,0.0,19.35483871,80.64516129,32,15,61.29032258064516,0.0
Solano,2012,2,28,36,6,21,13,417480,41.66666667,8.623167577,5.555555556,16.66666667,77.77777778,33,15,58.33333333333334,0.47906486538277276
Solano,2013,0,30,36,3,15,12,420732,58.33333333,8.556515787,0.0,8.333333332999999,91.66666667,34,15,41.66666666666667,0.0
Solano,2014,0,24,28,5,17,11,425494,39.28571429,6.58058633,0.0,17.85714286,82.14285714,35,15,60.71428571428571,0.0
Solano,2015,1,26,31,4,10,16,429272,67.74193548,7.2215285410000005,3.225806452,12.90322581,83.87096774,36,15,32.25806451612903,0.23295253359175536
Solano,2016,6,19,25,8,17,6,433412,32.0,5.7681836220000005,24.0,32.0,44.0,37,15,68.0,1.3843640692920363
