[{"year": 1971, "female": 5.1, "male": 3.6}, {"year": 1972, "female": 5.1, "male": 3.9}, {"year": 1973, "female": 4.8, "male": 3.0}, {"year": 1974, "female": 4.7, "male": 3.0}, {"year": 1975, "female": 5.1, "male": 4.1}, {"year": 1976, "female": 5.8, "male": 5.1}, {"year": 1977, "female": 6.2, "male": 5.2}, {"year": 1978, "female": 6.2, "male": 5.1}, {"year": 1979, "female": 6.2, "male": 4.8}, {"year": 1980, "female": 7.1, "male": 6.6}, {"year": 1981, "female": 8.8, "male": 10.2}, {"year": 1982, "female": 9.5, "male": 11.5}, {"year": 1983, "female": 10.5, "male": 12.1}, {"year": 1984, "female": 11.6, "male": 11.9}, {"year": 1985, "female": 10.9, "male": 11.6}, {"year": 1986, "female": 10.9, "male": 11.7}, {"year": 1987, "female": 10.0, "male": 10.8}, {"year": 1988, "female": 8.3, "male": 8.8}, {"year": 1989, "female": 7.1, "male": 7.3}, {"year": 1990, "female": 6.8, "male": 7.4}, {"year": 1991, "female": 7.5, "male": 9.9}, {"year": 1992, "female": 7.7, "male": 11.8}, {"year": 1993, "female": 7.9, "male": 12.3}, {"year": 1994, "female": 7.4, "male": 11.2}, {"year": 1995, "female": 6.8, "male": 10.0}, {"year": 1996, "female": 6.4, "male": 9.4}, {"year": 1997, "female": 5.9, "male": 7.9}, {"year": 1998, "female": 5.4, "male": 6.9}, {"year": 1999, "female": 5.2, "male": 6.6}, {"year": 2000, "female": 4.9, "male": 5.9}, {"year": 2001, "female": 4.4, "male": 5.6}, {"year": 2002, "female": 4.5, "male": 5.7}, {"year": 2003, "female": 4.4, "male": 5.6}, {"year": 2004, "female": 4.3, "male": 5.1}, {"year": 2005, "female": 4.4, "male": 5.2}, {"year": 2006, "female": 5.1, "male": 5.8}, {"year": 2007, "female": 5.0, "male": 5.6}, {"year": 2008, "female": 5.2, "male": 6.2}, {"year": 2009, "female": 6.5, "male": 8.6}, {"year": 2010, "female": 6.9, "male": 8.7}, {"year": 2011, "female": 7.4, "male": 8.7}, {"year": 2012, "female": 7.5, "male": 8.4}, {"year": 2013, "female": 7.1, "male": 8.1}, {"year": 2014, "female": 5.9, "male": 6.4}, {"year": 2015, "female": 5.2, "male": 5.6}, {"year": 2016, "female": 4.8, "male": 5.0}, {"year": 2017, "female": 4.3, "male": 4.5}, {"year": 2018, "female": 4.0, "male": 4.1}]